[
  {
    "wish":"Sony Playstation PS4",
    "points":"20000",
    "brand":"flipkart",
    "price":"20000",
    "url":"http://www.flipkart.com"
  },
  {
    "wish":"Yamaha RX200 Bike",
    "points":"50000",
    "brand":"amazon",
    "price":"50000",
    "url":"http://www.amazon.com"
  },
  {
    "wish":"Levis jeans pant",
    "points":"1000",
    "brand":"jabong",
    "price":"1000",
    "url":"http://www.jabong.com"
  },
  {
    "wish":"Microsoft XBOX One",
    "points":"14000",
    "brand":"amazon",
    "price":"14000",
    "url":"http://www.amazon.com"
  },
  {
    "wish":"Wimpy kids book",
    "points":"400",
    "brand":"flipkart",
    "price":"4000",
    "url":"http://www.flipkart.com"
  }
]
