[
  {
    "wish":"new video player",
    "points":"20000",
    "brand":"flipkart",
    "price":"20000",
    "url":"http://www.flipkart.com"
  },
  {
    "wish":"Trip to Orlando",
    "points":"50000",
    "brand":"amazon",
    "price":"50000",
    "url":"http://www.amazon.com"
  },
  {
    "wish":"Montain biking",
    "points":"1000",
    "brand":"jabong",
    "price":"1000",
    "url":"http://www.jabong.com"
  },
  {
    "wish":"Buy a personal tent",
    "points":"14000",
    "brand":"amazon",
    "price":"14000",
    "url":"http://www.amazon.com"
  },
  {
    "wish":"IPAD/Android tablet",
    "points":"400",
    "brand":"flipkart",
    "price":"4000",
    "url":"http://www.flipkart.com"
  }
]
