[
  {
    "wish":"new house",
    "points":"20000",
    "brand":"flipkart",
    "price":"20000",
    "url":"http://www.flipkart.com"
  },
  {
    "wish":"Trip to Australia",
    "points":"50000",
    "brand":"amazon",
    "price":"50000",
    "url":"http://www.amazon.com"
  },
  {
    "wish":"Montain biking ride",
    "points":"1000",
    "brand":"jabong",
    "price":"1000",
    "url":"http://www.jabong.com"
  },
  {
    "wish":"Buy a personal computer",
    "points":"14000",
    "brand":"amazon",
    "price":"14000",
    "url":"http://www.amazon.com"
  },
  {
    "wish":"New phone",
    "points":"400",
    "brand":"flipkart",
    "price":"4000",
    "url":"http://www.flipkart.com"
  }
]
