[
  {
    "wish":"Tricycle",
    "points":"20000",
    "brand":"flipkart",
    "price":"20000",
    "url":"http://www.flipkart.com"
  },
  {
    "wish":"Remote control car",
    "points":"50000",
    "brand":"amazon",
    "price":"50000",
    "url":"http://www.amazon.com"
  },
  {
    "wish":"New television",
    "points":"1000",
    "brand":"jabong",
    "price":"1000",
    "url":"http://www.jabong.com"
  },
  {
    "wish":"Icecream from Naturals",
    "points":"14000",
    "brand":"amazon",
    "price":"14000",
    "url":"http://www.amazon.com"
  },
  {
    "wish":"Coloring set",
    "points":"400",
    "brand":"flipkart",
    "price":"4000",
    "url":"http://www.flipkart.com"
  }
]
